<?xml version="1.1" encoding="UTF-8"?>

<channel name="xfce4-panel" version="1.0">
  <property name="configver" type="int" value="2"/>
  <property name="panels" type="array">
    <value type="int" value="1"/>
    <property name="dark-mode" type="bool" value="true"/>
    <property name="panel-1" type="empty">
      <property name="enable-struts" type="bool" value="true"/>
      <property name="enter-opacity" type="uint" value="100"/>
      <property name="icon-size" type="uint" value="0"/>
      <property name="length" type="uint" value="100"/>
      <property name="plugin-ids" type="array">
        <value type="int" value="1"/>
        <value type="int" value="2"/>
        <value type="int" value="3"/>
        <value type="int" value="4"/>
        <value type="int" value="6"/>
        <value type="int" value="5"/>
        <value type="int" value="11"/>
        <value type="int" value="12"/>
        <value type="int" value="13"/>
      </property>
      <property name="position" type="string" value="p=6;x=0;y=0"/>
      <property name="position-locked" type="bool" value="true"/>
      <property name="size" type="uint" value="40"/>
    </property>
  </property>
  <property name="plugins" type="empty">
    <property name="clipman" type="empty">
      <property name="settings" type="empty">
        <property name="save-on-quit" type="bool" value="false"/>
      </property>
    </property>
    <property name="plugin-1" type="string" value="whiskermenu">
      <property name="button-icon" type="string" value="/usr/share/pictures/Life.png"/>
      <property name="button-title" type="string" value=""/>
      <property name="category-icon-size" type="int" value="-1"/>
      <property name="command-switchuser" type="string" value="gdmflexiserver"/>
      <property name="favorites" type="array">
        <value type="string" value="org.kde.konsole.desktop"/>
        <value type="string" value="org.xfce.Catfish.desktop"/>
        <value type="string" value="thunar.desktop"/>
        <value type="string" value="librewolf.desktop"/>
        <value type="string" value="freetube.desktop"/>
        <value type="string" value="org.kde.ksysguard.desktop"/>
        <value type="string" value="io.element.Element.desktop"/>
        <value type="string" value="steam.desktop"/>
        <value type="string" value="net.sourceforge.liferea.desktop"/>
        <value type="string" value="org.bleachbit.BleachBit.desktop"/>
        <value type="string" value="tauonmb.desktop"/>
        <value type="string" value="pavucontrol.desktop"/>
        <value type="string" value="org.ksnip.ksnip.desktop"/>
      </property>
      <property name="favorites-in-recent" type="bool" value="true"/>
      <property name="hover-switch-category" type="bool" value="true"/>
      <property name="launcher-icon-size" type="int" value="4"/>
      <property name="launcher-show-tooltip" type="bool" value="false"/>
      <property name="menu-height" type="int" value="1440"/>
      <property name="menu-opacity" type="int" value="50"/>
      <property name="menu-width" type="int" value="2560"/>
      <property name="position-categories-alternate" type="bool" value="true"/>
      <property name="position-commands-alternate" type="bool" value="true"/>
      <property name="position-profile-alternate" type="bool" value="false"/>
      <property name="position-search-alternate" type="bool" value="false"/>
      <property name="profile-shape" type="int" value="2"/>
      <property name="search-actions" type="int" value="7">
        <property name="action-0" type="empty">
          <property name="command" type="string" value="exo-open --launch TerminalEmulator man %s"/>
          <property name="name" type="string" value="Man Pages"/>
          <property name="pattern" type="string" value="#"/>
          <property name="regex" type="bool" value="false"/>
        </property>
        <property name="action-1" type="empty">
          <property name="command" type="string" value="exo-open --launch WebBrowser https://duckduckgo.com/?q=%u"/>
          <property name="name" type="string" value="Search the Web"/>
          <property name="pattern" type="string" value="?"/>
          <property name="regex" type="bool" value="false"/>
        </property>
        <property name="action-2" type="empty">
          <property name="command" type="string" value="catfish --path=~ --start %s"/>
          <property name="name" type="string" value="Search for Files"/>
          <property name="pattern" type="string" value="-"/>
          <property name="regex" type="bool" value="false"/>
        </property>
        <property name="action-3" type="empty">
          <property name="command" type="string" value="exo-open --launch WebBrowser https://en.wikipedia.org/wiki/%u"/>
          <property name="name" type="string" value="Wikipedia"/>
          <property name="pattern" type="string" value="!w"/>
          <property name="regex" type="bool" value="false"/>
        </property>
        <property name="action-4" type="empty">
          <property name="command" type="string" value="exo-open --launch TerminalEmulator %s"/>
          <property name="name" type="string" value="Run in Terminal"/>
          <property name="pattern" type="string" value="!"/>
          <property name="regex" type="bool" value="false"/>
        </property>
        <property name="action-5" type="empty">
          <property name="command" type="string" value="exo-open \0"/>
          <property name="name" type="string" value="Open URI"/>
          <property name="pattern" type="string" value="^(file|http|https):\/\/(.*)$"/>
          <property name="regex" type="bool" value="true"/>
        </property>
        <property name="action-6" type="empty">
          <property name="command" type="string" value="exo-open --launch WebBrowser https://www.qwant.com/?q=%u"/>
          <property name="name" type="string" value="Web Search"/>
          <property name="pattern" type="string" value="?"/>
          <property name="regex" type="bool" value="false"/>
        </property>
      </property>
      <property name="show-command-lockscreen" type="bool" value="false"/>
      <property name="show-command-menueditor" type="bool" value="false"/>
      <property name="show-command-profile" type="bool" value="false"/>
      <property name="show-command-restart" type="bool" value="true"/>
      <property name="show-command-settings" type="bool" value="false"/>
      <property name="show-command-shutdown" type="bool" value="true"/>
      <property name="view-mode" type="int" value="0"/>
      <property name="recent" type="array">
        <value type="string" value="thunar.desktop"/>
        <value type="string" value="org.kde.konsole.desktop"/>
        <value type="string" value="librewolf.desktop"/>
        <value type="string" value="org.ksnip.ksnip.desktop"/>
        <value type="string" value="xfce-wm-settings.desktop"/>
        <value type="string" value="xfce4-power-manager-settings.desktop"/>
        <value type="string" value="net.sourceforge.liferea.desktop"/>
        <value type="string" value="freetube.desktop"/>
        <value type="string" value="org.jdownloader.JDownloader.desktop"/>
        <value type="string" value="io.element.Element.desktop"/>
      </property>
      <property name="position-categories-horizontal" type="bool" value="true"/>
    </property>
    <property name="plugin-11" type="string" value="separator">
      <property name="style" type="uint" value="0"/>
    </property>
    <property name="plugin-12" type="string" value="clock">
      <property name="command" type="string" value=""/>
      <property name="digital-date-font" type="string" value="Roboto Mono 14"/>
      <property name="digital-date-format" type="string" value="%m/%d/%Y"/>
      <property name="digital-format" type="string" value="%I:%M %p"/>
      <property name="digital-layout" type="uint" value="1"/>
      <property name="digital-time-font" type="string" value="Roboto Mono Bold 14"/>
      <property name="digital-time-format" type="string" value="%I:%M %p"/>
      <property name="mode" type="uint" value="2"/>
      <property name="timezone" type="string" value=""/>
      <property name="tooltip-format" type="string" value="%x"/>
    </property>
    <property name="plugin-13" type="string" value="separator">
      <property name="style" type="uint" value="0"/>
    </property>
    <property name="plugin-2" type="string" value="tasklist">
      <property name="grouping" type="uint" value="1"/>
    </property>
    <property name="plugin-3" type="string" value="separator">
      <property name="expand" type="bool" value="true"/>
      <property name="style" type="uint" value="0"/>
    </property>
    <property name="plugin-4" type="string" value="launcher">
      <property name="items" type="array">
        <value type="string" value="16706102001.desktop"/>
      </property>
    </property>
    <property name="plugin-5" type="string" value="separator">
      <property name="style" type="uint" value="0"/>
    </property>
    <property name="plugin-6" type="string" value="battery"/>
  </property>
</channel>
