<?xml version="1.0" encoding="UTF-8"?>

<channel name="xfce4-desktop" version="1.0">
  <property name="backdrop" type="empty">
    <property name="screen0" type="empty">
      <property name="monitorVirtual1" type="empty">
        <property name="workspace0" type="empty">
          <property name="color-style" type="int" value="0"/>
          <property name="image-style" type="int" value="5"/>
          <property name="last-image" type="string" value="/usr/share/backgrounds/xfce/xfce-shapes.svg"/>
        </property>
        <property name="workspace1" type="empty">
          <property name="color-style" type="int" value="0"/>
          <property name="image-style" type="int" value="5"/>
          <property name="last-image" type="string" value="/usr/share/backgrounds/xfce/xfce-shapes.svg"/>
        </property>
        <property name="workspace2" type="empty">
          <property name="color-style" type="int" value="0"/>
          <property name="image-style" type="int" value="5"/>
          <property name="last-image" type="string" value="/usr/share/backgrounds/xfce/xfce-shapes.svg"/>
        </property>
        <property name="workspace3" type="empty">
          <property name="color-style" type="int" value="0"/>
          <property name="image-style" type="int" value="5"/>
          <property name="last-image" type="string" value="/usr/share/backgrounds/xfce/xfce-shapes.svg"/>
        </property>
      </property>
      <property name="monitorVGA-1" type="empty">
        <property name="workspace0" type="empty">
          <property name="color-style" type="int" value="0"/>
          <property name="image-style" type="int" value="5"/>
          <property name="last-image" type="string" value="/usr/share/backgrounds/xfce/xfce-shapes.svg"/>
        </property>
        <property name="workspace1" type="empty">
          <property name="color-style" type="int" value="0"/>
          <property name="image-style" type="int" value="5"/>
          <property name="last-image" type="string" value="/usr/share/backgrounds/xfce/xfce-shapes.svg"/>
        </property>
        <property name="workspace2" type="empty">
          <property name="color-style" type="int" value="0"/>
          <property name="image-style" type="int" value="5"/>
          <property name="last-image" type="string" value="/usr/share/backgrounds/xfce/xfce-shapes.svg"/>
        </property>
        <property name="workspace3" type="empty">
          <property name="color-style" type="int" value="0"/>
          <property name="image-style" type="int" value="5"/>
          <property name="last-image" type="string" value="/usr/share/backgrounds/xfce/xfce-shapes.svg"/>
        </property>
      </property>
      <property name="monitorVirtual-1" type="empty">
        <property name="workspace0" type="empty">
          <property name="color-style" type="int" value="0"/>
          <property name="image-style" type="int" value="5"/>
          <property name="last-image" type="string" value="/usr/share/backgrounds/xfce/xfce-shapes.svg"/>
          <property name="backdrop-cycle-disable" type="bool" value="true"/>
          <property name="backdrop-cycle-timer" type="uint" value="15"/>
          <property name="backdrop-cycle-random-order" type="bool" value="true"/>
        </property>
        <property name="workspace1" type="empty">
          <property name="color-style" type="int" value="0"/>
          <property name="image-style" type="int" value="5"/>
          <property name="last-image" type="string" value="/usr/share/backgrounds/xfce/xfce-shapes.svg"/>
        </property>
        <property name="workspace2" type="empty">
          <property name="color-style" type="int" value="0"/>
          <property name="image-style" type="int" value="5"/>
          <property name="last-image" type="string" value="/usr/share/backgrounds/xfce/xfce-shapes.svg"/>
        </property>
        <property name="workspace3" type="empty">
          <property name="color-style" type="int" value="0"/>
          <property name="image-style" type="int" value="5"/>
          <property name="last-image" type="string" value="/usr/share/backgrounds/xfce/xfce-shapes.svg"/>
        </property>
      </property>
      <property name="monitorHDMI1" type="empty">
        <property name="workspace0" type="empty">
          <property name="color-style" type="int" value="0"/>
          <property name="image-style" type="int" value="5"/>
          <property name="last-image" type="string" value="/usr/share/backgrounds/xfce/xfce-shapes.svg"/>
          <property name="backdrop-cycle-disable" type="bool" value="true"/>
          <property name="backdrop-cycle-timer" type="uint" value="15"/>
          <property name="backdrop-cycle-random-order" type="bool" value="true"/>
        </property>
      </property>
      <property name="monitorDP-0" type="empty">
        <property name="workspace0" type="empty">
          <property name="color-style" type="int" value="0"/>
          <property name="image-style" type="int" value="5"/>
          <property name="last-image" type="string" value="/usr/share/backgrounds/xfce/xfce-shapes.svg"/>
          <property name="backdrop-cycle-disable" type="bool" value="true"/>
          <property name="backdrop-cycle-timer" type="uint" value="15"/>
          <property name="backdrop-cycle-random-order" type="bool" value="true"/>
          <property name="backdrop-cycle-enable" type="bool" value="false"/>
        </property>
      </property>
      <property name="monitor0" type="empty">
        <property name="workspace0" type="empty">
          <property name="color-style" type="int" value="0"/>
          <property name="image-style" type="int" value="5"/>
          <property name="last-image" type="string" value="/usr/share/backgrounds/xfce/xfce-shapes.svg"/>
        </property>
      </property>
      <property name="monitoreDP" type="empty">
        <property name="workspace0" type="empty">
          <property name="color-style" type="int" value="0"/>
          <property name="image-style" type="int" value="5"/>
          <property name="last-image" type="string" value="/usr/share/backgrounds/xfce/xfce-shapes.svg"/>
          <property name="backdrop-cycle-disable" type="bool" value="true"/>
          <property name="backdrop-cycle-random-order" type="bool" value="true"/>
        </property>
      </property>
    </property>
  </property>
  <property name="desktop-icons" type="empty">
    <property name="show-thumbnails" type="bool" value="true"/>
    <property name="file-icons" type="empty">
      <property name="show-removable" type="bool" value="false"/>
      <property name="show-trash" type="bool" value="false"/>
      <property name="show-filesystem" type="bool" value="false"/>
      <property name="show-home" type="bool" value="false"/>
    </property>
    <property name="tooltip-size" type="double" value="12"/>
    <property name="icon-size" type="uint" value="56"/>
    <property name="show-tooltips" type="bool" value="false"/>
    <property name="single-click" type="bool" value="false"/>
  </property>
  <property name="last" type="empty">
    <property name="window-width" type="int" value="652"/>
    <property name="window-height" type="int" value="759"/>
  </property>
</channel>
